<?xml version="1.0" encoding="UTF-8" standalone="yes"?>
<manifest>
  <control namespace="SampleNamespace" constructor="FluentUISliderReactHooks" version="0.0.1" display-name-key="FluentUISliderReactHooks" description-key="FluentUISliderReactHooks description" control-type="standard" api-version="1.2.3">
    <external-service-usage enabled="true"/>
    <property name="myNumber" display-name-key="myNumber" description-key="myNumber" of-type="Whole.None" usage="bound" required="true"/>
    <resources>
      <code path="bundle.js" order="1"/>
    </resources>
    <built-by name="pac" version="1.4.4"/>
  </control>
</manifest>